{"initial_reset_timestamp": 1662209255.173887, "timestamps": [1662209255.4961402], "episode_lengths": [23], "episode_rewards": [4.0], "episode_types": ["t"]}