{"initial_reset_timestamp": 1661839241.3026078, "timestamps": [1661839241.6304507], "episode_lengths": [20], "episode_rewards": [0.0], "episode_types": ["t"]}